id,name,age,salary,department
0,Charlotte Herman,35,30101,Sales
1,Kathryn Gibbs,51,31555,Finance
2,Dillon Norman,33,61241,IT
3,Raymond Evans,33,53271,Marketing
4,Bryan Abbott Jr.,56,110238,Marketing
5,Jane Turner,60,94503,Marketing
6,Ashley Thomas,26,34594,IT
7,Lisa Mejia,39,73979,Finance
8,Rachel Carey,59,52225,Finance
9,Corey Rodriguez,59,68773,HR
10,Keith Rivera,45,63774,HR
11,Melvin Owen,56,95367,HR
12,Kenneth Miller,31,77214,Finance
13,Emily Rogers,49,32389,IT
14,Rebecca Lane,34,117972,Finance
15,Anna Houston,51,90032,Sales
16,Michael Doyle,23,91315,Finance
17,Michael Morgan,54,76862,Finance
18,Barbara Gray,43,107617,Marketing
19,James Harris,32,100806,Marketing
20,Kristin Moore,37,54083,IT
21,Timothy Singh,24,30212,HR
22,Patricia Garcia,33,83284,Marketing
23,Cynthia White,33,104568,HR
24,Lindsey Fuentes,33,110823,Finance
25,Jonathon Stone PhD,24,70910,Sales
26,Nancy Johnson,29,115747,Sales
27,Sara Miller,59,41043,Marketing
28,Tina Wagner,54,95138,HR
29,Lauren Richardson,51,116235,IT
30,Michael Landry,33,115725,Marketing
31,Adrian Mcguire,56,35912,Sales
32,Paul Tanner,30,36433,Sales
33,Mark Allen,45,112800,Marketing
34,Dr. Leon Smith,24,35434,HR
35,Paul Campbell MD,45,31621,Marketing
36,Christopher Robertson,51,101406,IT
37,Aaron Barnes,57,101763,Marketing
38,Jennifer Chang,57,108993,Finance
39,Wayne Black,48,51002,HR
40,Jennifer Case,22,106912,HR
41,Charles Moore,36,77139,Finance
42,Kyle Johnson,43,102265,IT
43,Taylor Santos,25,107203,Finance
44,Nicole Mitchell,51,100569,Sales
45,Melissa Wong,44,86059,IT
46,Nancy Cook,51,63691,IT
47,Steve Nielsen,33,86629,IT
48,Jonathan Hunter,46,42473,Sales
49,Jason Rasmussen,37,70027,Finance
50,Evan Carey,37,78677,Sales
51,Margaret Beasley,27,82782,Sales
52,Michael Christian,57,105508,IT
53,Melissa Hartman,35,68053,Sales
54,William Luna,25,32008,HR
55,Timothy Burns,29,107907,Sales
56,Christian Gomez,42,57010,Sales
57,Kimberly Benitez,23,94309,HR
58,Kevin Alexander,35,48278,Sales
59,Terry Patrick,44,83837,HR
60,Tracy Willis,58,68989,Finance
61,Kim Carlson,57,74527,Marketing
62,Thomas Gates,49,52035,Sales
63,Debra Graves,50,64992,Marketing
64,Dominique Wiley,38,94192,Marketing
65,Bradley Miles,43,79209,IT
66,Jennifer Gallagher,44,89055,HR
67,Erica Reynolds,30,100588,Marketing
68,Jaclyn King,60,85983,Sales
69,Randy Williams,53,72799,Finance
70,Sarah Pugh,59,113718,Finance
71,Jonathan Chavez,23,62700,Sales
72,Angela Vargas,42,114921,Finance
73,Patricia Cherry,22,49621,Marketing
74,Andrew Reeves,31,114658,Sales
75,Adam Moore,40,78871,HR
76,Mary Evans,23,32382,HR
77,Tasha Bennett,33,55698,Sales
78,Tracy Carr,57,47092,Sales
79,Brian Franco,48,66914,Marketing
80,Mrs. Julie Lawson,54,103617,HR
81,Wanda Tucker,48,44376,Marketing
82,Margaret Thomas,55,62995,Sales
83,Katherine Wagner,60,38078,HR
84,Laurie Gay,24,103817,Sales
85,Roy Sandoval,24,68525,HR
86,Brett Blanchard,46,53562,HR
87,Robert Gonzalez,52,100324,IT
88,John Evans,30,95574,Sales
89,Rebecca Rojas,54,102294,Finance
90,Summer Huynh,59,64879,HR
91,Edward Garner,22,102820,Sales
92,Ashlee Delgado,55,91674,Finance
93,Tabitha Anderson,23,55370,Finance
94,Amber Torres,25,52923,Finance
95,Leah Miller,42,31787,Marketing
96,Shannon Perez,25,113119,Finance
97,Tommy Hall,42,49780,Marketing
98,Rickey Morgan,43,47963,Finance
99,Donna Lopez,21,61924,Sales
100,John Reyes,42,38880,Sales
101,Mary Lopez,58,99140,HR
102,James White,28,72558,IT
103,Dr. Jasmine Strickland,27,92138,Finance
104,Cody Fields,41,48003,Sales
105,Kayla Hurley,31,62609,IT
106,Lindsay James,58,72589,Marketing
107,Matthew Gibbs,60,49897,HR
108,Kathleen Beck,22,68230,HR
109,Curtis King,51,56665,Finance
110,Christopher Suarez,28,110762,Finance
111,Aaron Wright,47,66246,IT
112,Sheila Hernandez,54,68190,Finance
113,Phillip Gray,53,118833,IT
114,Julie Benton,23,52412,Finance
115,Craig Krueger,30,42912,HR
116,Angel Knight,44,68790,Marketing
117,Jared Stevens,36,100111,Sales
118,Ralph Hopkins,39,53563,Sales
119,Michael Ramirez,47,48455,IT
120,Randall Sanchez,34,63184,IT
121,Cynthia Martinez,50,57875,IT
122,Gabriella Smith,27,89734,HR
123,Lisa Morris,35,117772,HR
124,Patricia Todd,41,107607,IT
125,Richard Bryant,39,46801,IT
126,Denise Nguyen,30,106641,Sales
127,Jessica Patterson,56,46283,HR
128,Nancy Williams,39,75470,Marketing
129,Jason Campbell,49,45913,IT
130,Elizabeth Garner,42,82810,HR
131,Jeff Brown,47,63219,IT
132,Casey Martin,50,31949,Marketing
133,Karen Patel,40,74478,Finance
134,Michele Webb,29,83571,Finance
135,Joshua Brown,24,116461,HR
136,Jacob Baldwin,42,61882,IT
137,Kevin Alexander,37,75768,Finance
138,James Mccormick,28,34922,IT
139,Robert Peterson,41,99719,HR
140,Heather Baker,23,54060,Sales
141,Kathy Snyder,22,94770,IT
142,Pamela Miller,48,117484,Sales
143,Tracy Jackson,29,49873,Marketing
144,Jorge Cardenas,46,119026,Sales
145,Tina Wallace,55,101270,Sales
146,Christine Hughes,25,61222,Sales
147,Noah Chavez,32,73050,Finance
148,Nicole Vega,44,92747,IT
149,Brian Mcneil,55,84273,Marketing
150,Luis Curry,54,80455,HR
151,Joel Webb,57,114659,Finance
152,Angela Farley,50,46244,Sales
153,Dana Kelly,47,85318,IT
154,Morgan Rivas,52,100614,Sales
155,Jared Martinez,24,61508,HR
156,Darren Dixon,52,33234,HR
157,Brooke Clark,42,69309,Marketing
158,Zachary Fowler,36,76387,Finance
159,Jessica Baker,23,49107,HR
160,Zachary Miller,53,85222,Marketing
161,Christine Whitehead,55,85301,Finance
162,Rachel Torres,45,33785,HR
163,Michael Patel,54,44123,Marketing
164,Jennifer Trujillo,56,76558,IT
165,Dean Thompson,39,101823,Finance
166,Linda Dougherty,49,114554,Sales
167,Megan Barker,44,62965,Sales
168,Gerald Smith,49,115001,Marketing
169,Amber Hughes,33,90304,Finance
170,Andrew Moore,39,55336,HR
171,Hayley Murphy,36,43034,Marketing
172,Melinda Williams,32,44082,HR
173,Daniel Grimes DDS,46,40282,Sales
174,Timothy Sullivan,54,42701,Sales
175,Daniel Wright,44,62039,Finance
176,Amber Diaz,34,41195,Finance
177,Pamela Tapia,23,112111,Finance
178,Kyle Donaldson,36,84182,Sales
179,Jon Waters,41,55658,Finance
180,Justin Hicks,54,108837,Marketing
181,Maurice Rogers,26,30489,HR
182,Jorge Burnett,47,49180,IT
183,Paul Wells,60,112830,Sales
184,Melissa Morris,25,38802,Finance
185,Sean Johnson,47,101962,HR
186,Christopher Green,24,100789,Marketing
187,Thomas Meza,26,71478,IT
188,Nicole Harris,42,78069,Sales
189,Maria Krueger,55,114525,Finance
190,Brian Bryant,21,31697,Sales
191,David Washington,57,63723,HR
192,Lauren Ramos,24,32779,Finance
193,Larry Harris,43,91254,IT
194,Emily Meyer,53,112407,IT
195,Kevin Wood,51,86943,HR
196,Nicole Anderson,49,85882,HR
197,Julie Obrien,48,106253,Finance
198,James Hampton,41,104388,Marketing
199,Colleen Glass,59,65477,Finance
200,Thomas Riggs,41,115007,Finance
201,Julie Marshall,46,71085,Marketing
202,Billy Werner,27,119616,Sales
203,Misty Tate,44,102194,Marketing
204,Nicole Hobbs,36,65354,Finance
205,Christopher Powell,49,93825,HR
206,Robert Gibson,39,118364,Sales
207,Kathy Martin,29,105551,HR
208,Michael Caldwell,24,32893,Sales
209,Tina Farley,52,104447,HR
210,Ellen Gates,21,47007,Finance
211,Sean Allen,33,43803,Finance
212,Janet Snyder,31,30669,Finance
213,Christina Evans,23,66410,Sales
214,Catherine Valdez,33,66631,Sales
215,Joseph Crosby,49,51312,Finance
216,Taylor Barker,42,70725,Sales
217,John Cruz,25,94752,Finance
218,John Peterson,27,78970,IT
219,Rita Greene,37,43484,Sales
220,Christopher Gray,46,34103,HR
221,Mary Weiss,49,75330,Marketing
222,Cody Madden,60,92785,Finance
223,Matthew Green,55,108004,HR
224,Martin Gentry,46,95001,IT
225,Nicole Vaughan,44,36810,Sales
226,Michelle Ford,45,88138,Sales
227,Stephen Alvarado,27,88107,Finance
228,Patricia Johnson,41,116289,Sales
229,Carlos Moore,44,80414,Finance
230,Matthew Garrett,39,82379,Marketing
231,Regina Glenn,49,60330,Marketing
232,Lisa Sherman,24,38630,IT
233,Andrew Diaz,37,92954,IT
234,Donald Carey,24,76682,Finance
235,John Hudson,56,106623,IT
236,Kathy Mason,40,117136,Sales
237,Jessica Cook,39,62220,Finance
238,Katherine Ramsey,53,80412,IT
239,Katherine Watson,41,106200,HR
240,Maria Gray,44,116214,Marketing
241,Michael Boyle,30,114837,IT
242,Darlene Berry,54,99699,HR
243,Melissa Henry,22,44541,HR
244,Ann Hale,41,117566,Sales
245,Daniel Thomas,40,113668,HR
246,Diana Perkins,48,118757,Finance
247,Caitlin Morgan,24,52950,IT
248,Mary Ryan,49,103165,IT
249,William Martin,41,58785,Finance
250,Yvonne Christensen,24,114854,Sales
251,Marcia Daniels,45,49558,Sales
252,Andrew Smith,26,70251,Finance
253,Kimberly Mahoney,47,66556,IT
254,Jessica Lee,55,63082,IT
255,Tina Gonzalez,51,84567,Finance
256,Michael Rhodes,27,112179,Marketing
257,Renee Garcia,40,113764,Sales
258,Anthony Smith,31,61051,HR
259,Paul Burke,40,83110,HR
260,Emily Singh,52,91499,Marketing
261,John Morales,36,59639,Sales
262,Timothy Goodwin,35,41711,Marketing
263,Jordan Black,38,113079,Marketing
264,Victoria Castillo,56,112017,Finance
265,Jennifer Curtis,37,79066,IT
266,Ashley Hunter,43,39775,IT
267,Tammy Brown,21,98016,Marketing
268,Michael Conner,29,45398,Finance
269,Michael Smith,24,83303,HR
270,Robert Proctor,26,77088,Sales
271,Brian Houston,35,53669,HR
272,Nathan Monroe,43,76409,Finance
273,Pamela Singleton,60,97632,HR
274,Ronald Johnson,48,67966,Marketing
275,Michelle Henry,59,70241,Marketing
276,Jessica Everett,52,39482,Finance
277,George Smith,56,52401,Finance
278,James Weeks,41,104547,IT
279,Sarah Olson,57,98901,Finance
280,Michael Mathews,34,88558,IT
281,Ryan Hudson,50,34780,IT
282,Austin Peterson,44,31118,Finance
283,Riley Wheeler MD,39,73771,Finance
284,Tamara Cervantes,27,45497,Marketing
285,Dr. Kelly Taylor,21,65562,IT
286,Emily Charles,45,85034,HR
287,Laura Gutierrez,53,41152,HR
288,James Arnold,49,40086,Finance
289,Susan Thornton,32,34662,Finance
290,Marissa Wells,45,53981,HR
291,Allison Dorsey,33,110648,IT
292,Sarah Johns,35,88094,Finance
293,Christopher Kim,29,61275,IT
294,Karen Dodson,33,71002,HR
295,David Bauer,36,101101,Sales
296,Wendy Stephenson,29,34005,Finance
297,Sarah Henderson,23,48747,Sales
298,Brandon White,24,104073,Marketing
299,Jennifer Zavala,39,110836,Marketing
300,Lisa Moyer,38,75939,Sales
301,Tyler Howell,41,90784,Finance
302,Phillip Grimes,32,36424,Finance
303,Jacob Cole,59,45383,Finance
304,Janet Davis,38,66238,IT
305,Kayla Edwards,53,112989,Sales
306,Chad Huffman,47,78775,HR
307,Angela Lopez,34,80771,Marketing
308,Bryan Lambert,25,119556,HR
309,Eric Wood,39,62786,Marketing
310,Brooke Santos,53,54187,Sales
311,Natalie Gallagher,52,105386,Sales
312,Jessica Andrews,34,109273,Sales
313,Jennifer Anderson,27,76658,Sales
314,Johnathan Torres,48,67761,HR
315,Joseph Barton,60,33430,Marketing
316,Kimberly Jefferson,30,55184,IT
317,Alexander Bradley,49,108038,HR
318,Jordan Roman,22,32396,IT
319,Richard Flynn,32,91403,IT
320,James Wang,41,103826,Marketing
321,Tyler Martin,44,84173,Sales
322,Nicholas Hopkins,56,38463,Sales
323,Gary Cardenas,54,70505,Marketing
324,Megan Sanders,38,54976,HR
325,Jonathan White,44,78644,Sales
326,David Vaughn,22,77812,IT
327,Kathleen Rivera,23,56809,Marketing
328,Kylie Noble,47,41792,Sales
329,Lindsey Weaver,31,54638,HR
330,Jennifer Oneal,47,82927,IT
331,Alan Holmes,50,85022,HR
332,Sandra Rush,39,113858,Sales
333,Rebecca Medina DVM,42,113281,HR
334,Nathan Vasquez,29,111801,IT
335,Gregory Jackson,47,73667,HR
336,Kevin Hess,41,98786,HR
337,Edward Phillips,53,52474,HR
338,Jordan Oconnor,32,72353,Sales
339,Norma Bryant,40,116428,Finance
340,Wayne Hensley,24,106834,HR
341,Teresa Martin,22,116427,Marketing
342,Jonathan Brown,29,85357,Marketing
343,Jaime Joyce,21,88595,Sales
344,Henry Barr,55,106392,Sales
345,Andrew Ryan,39,101022,HR
346,Ronald Kramer,42,97456,IT
347,Daniel Mullins,24,110851,Marketing
348,Gabriel Ortiz,22,73225,Marketing
349,Samantha Rush,59,89008,HR
350,Ronald Shepard,37,68583,HR
351,Jamie Smith,26,54874,HR
352,Cody Shaw,24,59517,Marketing
353,Christopher Baker,33,37251,HR
354,Norman Rodriguez,59,42987,Marketing
355,Amanda Morris,27,101876,Marketing
356,Lisa Bailey,24,31348,Finance
357,Mary Cruz,46,105863,IT
358,Steven Watkins,60,91040,HR
359,Ashley Henry,48,97454,IT
360,Eric Scott,36,111336,HR
361,Brandon Graves,35,60959,HR
362,Kathryn Rogers,23,50767,Sales
363,Tammy Lozano,57,62022,IT
364,Brian King,54,93378,HR
365,Luke Hammond,36,33896,HR
366,Heather Pope,60,88111,HR
367,Gregory Lopez,47,91648,IT
368,Michael Brown,36,70728,HR
369,Mr. Timothy Hendrix,29,102640,Finance
370,Austin Moore,29,65454,Sales
371,Sarah Campbell,44,42204,Finance
372,Danny Hill,40,58695,Marketing
373,Mark Zhang,47,47344,HR
374,Colton Dixon,59,84889,Finance
375,Shane Gregory,25,98572,IT
376,Raven Thompson DVM,34,107792,HR
377,Craig Scott,48,31104,Marketing
378,Matthew Arroyo,53,92637,Sales
379,Leah Hull,24,39659,Marketing
380,Kevin Jones,47,92977,Sales
381,Joshua Bennett,46,105797,Sales
382,Robin Holmes,29,65472,IT
383,Jesse Williams,43,63085,Finance
384,Danielle Merritt,55,82274,IT
385,Teresa Fields,58,37339,Marketing
386,Glenn Perry,32,90443,HR
387,Melanie Williams,30,94864,Sales
388,Barbara Holmes,39,110572,Finance
389,Craig Hill,24,95735,Sales
390,Patrick Johnson,37,34199,Sales
391,Alexander Barajas MD,47,87357,Sales
392,Chloe Hull,28,102941,Marketing
393,Wanda Dickerson,49,49123,IT
394,Morgan Weaver,60,84816,HR
395,Stanley Miranda,27,98272,HR
396,Samuel Williams,57,117389,Marketing
397,Cody Fritz,44,115605,HR
398,Michael Jones,54,117362,IT
399,Randall Gomez,59,65484,HR
400,William Hernandez,57,73087,HR
401,Amber Henry,53,102887,HR
402,Heather Brown,24,69146,Finance
403,Michele Kelley,25,48008,IT
404,Teresa Rice,45,53692,Marketing
405,Dennis Martinez,23,50506,Marketing
406,Leslie Davis,45,97945,Finance
407,Sandra Walls,38,81231,Sales
408,Phillip Jones,27,43060,Marketing
409,Theresa Fischer,30,89274,Marketing
410,Jamie Harding,31,60751,Marketing
411,Brian Rush,31,92933,IT
412,Zachary Gardner,48,115711,IT
413,Lisa Willis,39,106643,Finance
414,Tara Marquez,30,86500,Sales
415,Casey Jones,59,84625,Sales
416,James Moreno,25,66930,Marketing
417,Kelly Kane,25,106274,Sales
418,David Grant,44,31188,Sales
419,Raymond Bautista,43,102480,Sales
420,Jessica Rivera,52,51148,Sales
421,Chad Scott,23,112846,IT
422,Jenny Jones,44,85153,Finance
423,Douglas Steele,35,119219,Marketing
424,Anthony Moore,57,49051,Finance
425,Mr. George Owens MD,21,88689,Sales
426,Eric Johnson,22,118347,Sales
427,Tamara Cox,42,67007,Sales
428,John Rodriguez,29,54651,Sales
429,Tony Jones,38,43985,Sales
430,John Morris,36,62895,IT
431,Daniel White,49,38659,Sales
432,Kayla Palmer,54,54207,Sales
433,Alicia Torres,25,103761,Sales
434,Stephanie Rodriguez,48,40847,Sales
435,Kevin Dennis,30,46399,IT
436,Jonathan Hall,38,87094,HR
437,Daniel Meadows,53,49207,Marketing
438,Stephen Alexander MD,28,30228,IT
439,Shelley Riley,32,90376,IT
440,Patricia Dickson,41,75034,IT
441,Shane Stephens,52,39810,Marketing
442,Eric Smith,51,109493,Sales
443,Michael Hurley,31,49063,Marketing
444,Karen Preston,23,52959,HR
445,Veronica Aguilar,45,30613,HR
446,Christopher Jimenez,27,74826,HR
447,Laura Tran,51,54894,Marketing
448,Carrie Thompson,37,103278,Finance
449,Joanna Fuentes,26,108285,Marketing
450,Rebecca Kline,53,61437,IT
451,Kenneth Olson,59,46019,HR
452,Natalie Smith,48,76837,Sales
453,Eileen Rice,48,32952,Marketing
454,John Norman,57,47741,HR
455,Marcus Robles,52,75732,Marketing
456,Benjamin Fitzgerald,49,33869,IT
457,Ashley Bradford,54,103787,Finance
458,Abigail Martin,33,87241,Sales
459,Lauren Williams,46,101934,IT
460,Lisa Graham,39,78650,Marketing
461,Michael Perez,48,32991,IT
462,Andrea Deleon,29,56724,HR
463,Alison Montoya,36,119788,Sales
464,Mark Reed,53,109597,IT
465,Natalie Johnson,43,71879,IT
466,Allison Scott,51,54758,Marketing
467,Amy Oconnor,25,39882,Finance
468,Brandon Williams,22,40895,Sales
469,Jeff Simpson,50,95367,Finance
470,Wyatt Hughes,49,43627,Sales
471,Kylie Little,58,45683,Sales
472,James Tucker,51,43787,IT
473,Brandon Lewis,24,74695,Sales
474,Alexandra Lopez,43,68982,IT
475,David Sanchez,47,103338,HR
476,Kevin Simpson,22,69861,Marketing
477,Rachel Spencer,29,100470,Sales
478,Jack Smith,38,31682,IT
479,Todd Gonzales,45,48068,Sales
480,Marcus Mueller,36,103926,IT
481,Thomas Miller,32,39315,Sales
482,Jennifer Thompson,59,93218,Marketing
483,Julia Robinson,45,102510,Finance
484,Michelle Schneider,57,109520,Sales
485,Brian Weiss,45,90839,Marketing
486,Robert Raymond,46,69423,Marketing
487,Paul Hawkins,43,105796,IT
488,David Hall PhD,40,92800,Sales
489,Daniel Hardy,31,62188,Finance
490,Dean Cole,54,53674,Finance
491,John Beck,24,51823,Marketing
492,Candice Williamson,37,40964,Finance
493,Audrey Bennett,57,39162,Marketing
494,Timothy Morris,46,63516,Finance
495,Nancy Wilson,56,87792,Marketing
496,Susan Parker,60,75635,IT
497,Robert Gray,45,35215,HR
498,John Johnson,41,93815,Sales
499,Eric West,24,87827,Finance
500,Rachel Olson,26,47204,HR
501,Matthew Wiggins,45,71426,HR
502,Megan Ho,38,104356,HR
503,Justin Parker,33,57518,HR
504,Danielle Taylor,41,106372,Finance
505,Amber Walker,28,47279,IT
506,Jeremiah Robinson,51,42952,HR
507,Phillip Peters,44,79750,Finance
508,Brandon Snyder,47,30322,Marketing
509,Joseph Campbell,42,57839,Finance
510,Christopher Martin,48,72944,Finance
511,Kristen Estrada,60,57895,HR
512,Kelly Heath,47,88684,IT
513,Anthony Ramirez,59,51904,Marketing
514,Alexandra Martinez,35,115609,Finance
515,Mike Brown,38,71079,Marketing
516,Shawn Schultz,41,60669,HR
517,Aaron Griffin,55,53566,HR
518,Andrew Williamson,51,39947,Marketing
519,Lisa Rojas,53,54472,IT
520,Christopher Chung,46,87738,Finance
521,Jason Miller,51,112025,Marketing
522,Mr. Travis Watson Jr.,35,54797,Sales
523,Rebecca Wilson,31,119553,IT
524,Alexandra Patterson,48,34824,Finance
525,Andrea Delgado,38,91967,Sales
526,Michael Ramirez,56,37504,Sales
527,Eric Castro,54,119509,IT
528,William Jones,22,111730,Marketing
529,Rachel Mitchell,22,65526,Finance
530,Christopher Hansen,37,61970,Finance
531,Michael Hodge,34,94285,Finance
532,Maria Marquez,43,44267,Sales
533,Jessica Hughes,37,41509,HR
534,Brian Moore,22,46643,IT
535,Morgan Garcia,50,111325,Marketing
536,Tara Davidson,39,96744,HR
537,Daniel Brooks,40,101845,HR
538,Richard Church,40,46324,Sales
539,Maria Wright,47,31249,Sales
540,Amber Hudson,32,102289,Finance
541,Corey Becker,38,103056,Sales
542,Derrick Farley,42,73834,Marketing
543,Ronald Ellis,60,65689,IT
544,Melissa Young,35,65280,Marketing
545,Brittany Palmer,43,84511,Marketing
546,Megan Romero,27,50787,HR
547,Stephanie Perez,23,40978,Finance
548,Joshua Sanchez,25,66347,IT
549,Renee Garcia,22,87160,Marketing
550,Kyle Cox,55,119265,Finance
551,Jeffrey Jordan,21,50881,Finance
552,Robert Hunt,60,107701,IT
553,Samuel Henry,31,114939,Marketing
554,Ronald Higgins,52,73990,Finance
555,Kara Macias,29,37491,Finance
556,Gregory Dickerson,23,100662,Finance
557,Travis Young,27,78914,IT
558,Craig Castillo,53,81484,Marketing
559,David Jimenez,29,59058,Sales
560,Michael Flores,52,82915,Sales
561,Samantha Nichols,49,114306,Sales
562,Alyssa Pham,33,65083,HR
563,Amanda Woodard,30,119751,IT
564,Mary Spencer,38,97286,IT
565,Carmen Saunders,46,106564,Finance
566,Timothy Scott,43,64090,Sales
567,Sarah Gonzales,22,46017,Sales
568,Susan Miller,41,58013,HR
569,John Gonzalez,30,88374,Sales
570,Robert Sims,36,99516,Marketing
571,Derek Jones,30,99891,IT
572,Priscilla Smith,47,81382,IT
573,Dustin Smith,22,41934,Marketing
574,Nancy Padilla,27,33534,IT
575,Morgan Davis,57,71507,HR
576,Kristen James MD,48,69937,HR
577,Joel Parks,38,32392,HR
578,Robert Martinez,27,47556,Finance
579,Ashley Kelley,56,63087,HR
580,Vincent Mccarthy,60,87476,Marketing
581,David Bailey,50,45305,Finance
582,Leah Bradley,47,42646,Sales
583,Stephanie Williams,28,85337,Sales
584,Scott Estes,48,80851,Finance
585,Stephen Velasquez,32,93457,Finance
586,James Ward,42,63183,IT
587,Carol Cunningham,30,98386,Finance
588,Janet Moran,48,88939,HR
589,Cynthia James,50,105352,Marketing
590,Samantha Jennings,49,79803,Finance
591,Michele Odonnell,44,96455,Marketing
592,Frank Carter,44,61742,HR
593,Zachary Jefferson,24,85141,IT
594,Jane Erickson,45,114357,Marketing
595,Maria Mcdowell,46,102202,IT
596,Ryan Bennett,22,67555,IT
597,Michael Brown,36,56030,IT
598,Casey Roberts,21,56255,Finance
599,Elizabeth Greene,38,102526,Sales
600,Matthew Ross,30,91058,Sales
601,Justin Willis,28,59287,Finance
602,Lee Bowers,25,49131,Finance
603,Sara Montoya,57,75840,HR
604,Jessica Cortez,39,38726,IT
605,Gary Horne,48,60130,Marketing
606,Paul Thompson Jr.,46,100387,IT
607,Ronald Tyler,39,87968,IT
608,April Blackburn,32,44478,Sales
609,Ryan Kim,47,55124,HR
610,David Green,57,53498,HR
611,Mitchell Weber,31,93782,HR
612,Karen Stevenson,29,44062,Marketing
613,Mr. Blake Thomas,57,86471,Sales
614,Michele Jones,34,34038,Finance
615,Micheal Steele,24,67776,HR
616,Rhonda Conner,38,119406,Sales
617,Sarah Wright,35,51238,Finance
618,Lisa Murray,29,75943,Finance
619,Andrew Deleon,30,103132,IT
620,Joseph Diaz,47,70364,IT
621,Amber Schmitt DDS,51,58882,Marketing
622,Tina Saunders,29,48524,HR
623,Emily Wheeler,50,114208,Marketing
624,Charles Howard,27,42535,Finance
625,William Ferguson,40,35543,IT
626,Michele Horne,48,110621,Sales
627,Amber Hayden,30,87527,IT
628,William Rosales,54,111541,Marketing
629,Summer Cantu,28,37647,HR
630,Theresa Ortiz,44,82986,Sales
631,Katherine Simmons,39,41282,Sales
632,Christopher Hodge,24,51482,Sales
633,Erik Robinson,45,105793,IT
634,Regina Mcknight,22,96124,Sales
635,Sarah Alvarado,50,38474,Marketing
636,Philip Franklin,52,65628,Marketing
637,Russell Chang,32,33215,Marketing
638,Kelli Pham,47,97689,HR
639,Daniel Wells,56,37980,Marketing
640,Shirley Gates,39,106442,IT
641,Kara Sanchez,57,59969,Finance
642,Daniel Mcdowell,56,44699,Sales
643,Glenn Estrada,50,45136,IT
644,Steven Turner,42,64489,Sales
645,Victor Smith,60,30105,HR
646,Jasmine Jarvis,23,93822,HR
647,Stephanie Warren,45,49029,Sales
648,Hailey Campbell,48,66417,Sales
649,Kathy Webb,51,35406,IT
650,Cheyenne Bowers,51,104618,IT
651,Luke Turner,34,36232,HR
652,Kimberly Luna,40,117040,Marketing
653,Nicholas Daniels,43,110138,HR
654,Eric Ellis,43,99687,Marketing
655,Holly Gallagher,57,54873,Finance
656,Frank Smith,56,116143,Marketing
657,Rebecca Snyder,59,89963,IT
658,Melissa Moore,25,89442,Finance
659,Stephanie Pearson,36,51105,Finance
660,Catherine Hines,48,30054,Marketing
661,Roger Brown,28,73349,Marketing
662,George Taylor,49,55931,IT
663,Austin Johnson,34,89197,IT
664,Tara Contreras,47,59656,Sales
665,Lisa Henry,22,38223,Marketing
666,Jonathan Daniels,55,59381,Marketing
667,Alicia Pacheco,34,34341,Marketing
668,Matthew Williams,57,63783,IT
669,Jonathan Bailey,40,95372,Finance
670,Erin Johnson,37,61621,Finance
671,Christopher Johnson,57,48982,Marketing
672,Karen Hart,34,72520,Finance
673,Rhonda Jacobs,56,55683,IT
674,Tammy Conner,59,89391,HR
675,Richard Gibson,41,98311,Finance
676,Jennifer Jones,39,113603,IT
677,Nicholas Boyle,39,61768,Sales
678,Andre Cook,21,62311,Sales
679,Stacy Turner,38,107906,Finance
680,Madeline Holden,37,105325,Sales
681,Cassidy Porter,25,102765,Sales
682,Annette Graham,42,108306,Marketing
683,Jonathan Cobb,22,56453,IT
684,Jason Oconnor,34,33691,IT
685,Karina White,46,103849,IT
686,Regina Ellis,52,90485,Marketing
687,Travis Walker,32,88366,Sales
688,Travis Schultz,45,48682,Finance
689,Katherine Huynh,36,32706,IT
690,Alison Howard,57,54921,HR
691,Nicole Gomez,27,33658,Sales
692,Donald Holt,53,94261,HR
693,Shannon Allen,51,62472,Finance
694,Caroline Garcia,26,105860,HR
695,Megan Miles,53,40994,HR
696,John Moore,35,39560,Sales
697,Laura Moore,52,58617,IT
698,Michael Rogers,48,40483,Sales
699,Steven Ortiz,44,44210,IT
700,Amy Benitez,42,93413,Sales
701,Jacob Scott,34,44939,Sales
702,Adam White,21,113747,IT
703,Mary Tucker,55,59374,Finance
704,Jessica Steele,37,102309,Sales
705,Eric Neal,47,70978,IT
706,Robert Bender,34,75671,Finance
707,Mary Smith,25,34747,Marketing
708,Kelli Duran,59,72011,Finance
709,Garrett Cummings DVM,25,85039,Sales
710,Jacqueline Allison,32,53371,Sales
711,Michael Williams,31,52072,IT
712,Jennifer Li,34,109490,Marketing
713,Jordan Stokes,50,35300,HR
714,Brian Richardson,28,49192,IT
715,Jessica Estrada,31,39693,Marketing
716,Adam Taylor,33,40318,HR
717,Elaine Scott,21,84342,Sales
718,Parker Raymond,33,76218,HR
719,Shane Ballard,51,53908,Sales
720,Rebecca Johnson,25,85567,IT
721,Evan Garrison,33,88276,IT
722,Grace Wright,47,49839,HR
723,James Wright,50,72175,Sales
724,James Taylor,21,102584,Finance
725,Rebecca King,36,93550,Marketing
726,Amanda Allen,38,69092,HR
727,Amber Fischer,54,39840,Marketing
728,Amanda Carrillo,41,54244,Finance
729,Tiffany Williams,56,54490,HR
730,Jack Jordan,60,78063,IT
731,David Buckley,51,106194,Sales
732,Aaron Holt,22,91024,Finance
733,Timothy Kane,54,39899,IT
734,William Collins,36,107623,Sales
735,Brooke Cohen,51,57190,Marketing
736,Timothy Adams,44,88141,Marketing
737,Brittany Harris,40,69966,IT
738,Angelica Wilson,50,75063,Sales
739,Tracy Smith,54,32511,HR
740,Dr. Kimberly Miller,31,42606,Sales
741,Carl Mcdonald,52,70813,Marketing
742,Jessica Moss,58,45890,Finance
743,Laura Jones,57,103830,IT
744,Michael Willis,36,65888,HR
745,Jesse Brown,21,40358,Sales
746,Nicholas Garza,53,117871,Finance
747,Mark Reyes,24,101483,IT
748,Carol Harrison,58,111503,Finance
749,William Gonzalez,25,83758,HR
750,Jonathan Salinas,45,34560,Sales
751,Gary Price,42,62596,IT
752,Sydney Zhang,42,112247,Finance
753,Daniel Torres,55,43327,HR
754,Jeffrey Cline,45,93450,HR
755,Christina Simmons,51,89117,Finance
756,Jasmine Smith MD,51,67497,HR
757,Brenda Reilly,30,44324,IT
758,Joanne Powell,29,68316,HR
759,John Wilson,40,32464,Marketing
760,John Gonzales,33,36683,Sales
761,Jacob Lewis,45,41147,Sales
762,Anthony Edwards,45,73963,IT
763,Mr. Ronald Johnson Jr.,27,33205,IT
764,Andrew Solomon,52,107073,Marketing
765,Kelly Wood,60,37787,IT
766,Kelly Alvarez,27,70520,Marketing
767,Darren Jones,56,89871,IT
768,John Briggs,38,99703,HR
769,Ronald Allen,48,115636,IT
770,Ronnie Harris,24,34539,HR
771,Jacqueline Martinez,27,54600,Sales
772,Margaret Frye,25,32164,Finance
773,Gina Wright,50,114814,Marketing
774,Paula White,28,87579,Sales
775,Linda Webb,34,47939,Sales
776,Madison Fernandez,53,99387,Sales
777,Michael Smith,58,96594,IT
778,Joseph Morrow,55,87054,Sales
779,Lisa Robertson,38,110923,HR
780,Madison Ellis,37,60846,HR
781,Lauren Thomas,51,33395,Marketing
782,Dillon Bowers,31,107074,Finance
783,Michael Taylor,46,105968,HR
784,Robert Ritter,32,30689,HR
785,Scott Smith,46,44283,Finance
786,Geoffrey Garrett,57,116449,HR
787,Veronica Brown,58,57552,HR
788,Brittany Ball,50,41436,Marketing
789,William Stewart,29,42855,Marketing
790,Michael Morton,36,100104,HR
791,Greg Smith,31,95359,Finance
792,Patricia Clements,21,63501,Finance
793,Jessica Reese,35,94951,Sales
794,Teresa Nelson,57,63654,Sales
795,Roger Williams,45,64359,HR
796,David Johnson,54,94499,Finance
797,Michael Brown,59,52456,Sales
798,Adrian Fields,28,119370,Marketing
799,Jennifer Sanchez,45,96232,Marketing
800,Rodney Cross,21,57953,Marketing
801,Tina Smith,47,43432,Finance
802,Cynthia Taylor,45,117487,Finance
803,Theresa Jones,27,93741,Marketing
804,Thomas Rodriguez,57,69366,Marketing
805,Patrick Andrews,47,43862,Finance
806,Justin Patterson,54,57124,HR
807,Brian Mitchell,37,113316,IT
808,Jeremy Whitaker,35,53124,Sales
809,Frances Williams,31,115820,IT
810,Brian Campbell,46,74338,IT
811,Gabriel Carr,27,70043,IT
812,William Whitaker,39,75987,Finance
813,Scott Lynn,24,106181,Finance
814,Kelsey Cummings,59,52407,Finance
815,Emily Simpson,39,106250,IT
816,William Moore,39,75167,Marketing
817,Mary Pugh,38,57585,HR
818,Lonnie Short,33,53684,IT
819,Jeffrey Underwood,43,72991,Sales
820,Daniel Davis,36,61136,HR
821,Adam Logan,40,87845,HR
822,Mark Martinez,47,72882,IT
823,Philip Wall,35,67258,Sales
824,Tamara Anderson,56,41963,Sales
825,Douglas Walker,46,36446,HR
826,Jeffrey Carter,32,64009,Marketing
827,Ruben Wood,34,100706,HR
828,Brian Garcia,56,42119,Finance
829,Alisha Cox,30,47613,Finance
830,Jane Hill,50,78661,Finance
831,Robert Ruiz,28,118820,IT
832,Thomas Morton,54,40880,Marketing
833,Aaron Hill,38,106599,IT
834,Jennifer Barajas,30,50099,IT
835,Keith Beard,56,110300,Finance
836,Hannah Taylor,60,65511,IT
837,Jason Smith,37,54293,Sales
838,Christina Robertson,47,50375,Sales
839,Joyce Cox,26,75749,Sales
840,Gloria Lopez,27,46265,Sales
841,Evan Mckee,57,94279,Sales
842,Taylor Sims,39,52138,HR
843,William Johnson,21,97518,Sales
844,Stephanie Carlson,59,116093,Sales
845,Johnathan Davis,23,100821,IT
846,Casey Valdez,52,66367,Marketing
847,Hannah Alexander,21,67889,Marketing
848,Allison Fleming,24,46141,Sales
849,Mrs. Brittany Wilson,51,42984,IT
850,Jennifer Santos,32,60862,IT
851,Danielle Jones,52,74874,Finance
852,Kenneth Torres,56,54366,HR
853,Jennifer Smith,21,96916,IT
854,Pam Barton,36,42412,Finance
855,David Park,25,64747,Marketing
856,Michael Garcia MD,49,56460,Finance
857,James Brewer,46,80787,Sales
858,Isabella Gibson,39,59544,Marketing
859,John Alvarez,35,112605,Marketing
860,Rachel Dorsey,58,67970,IT
861,Brad Rhodes,43,44721,IT
862,Valerie Black,34,48787,IT
863,Robert Murphy,53,42933,IT
864,Kimberly Martinez,29,102216,IT
865,Christopher Mcdowell,24,71603,Sales
866,Tracy Clark,25,62843,Finance
867,Lonnie Rice,51,34926,IT
868,Karen Thomas,50,77164,Marketing
869,Nicholas Velez,31,44343,HR
870,Raymond Reynolds,56,43082,IT
871,Anthony Washington,34,82293,IT
872,Crystal Gaines,24,35454,Sales
873,Valerie Thompson,26,78340,Marketing
874,Peter Taylor,23,88162,Marketing
875,Joyce Hill,47,46674,HR
876,James Booth,21,54034,Sales
877,Robert Martin,31,81461,Marketing
878,Kevin Clark,29,83661,IT
879,Christopher Johnson,39,92384,Marketing
880,Brittany Hines,41,70357,IT
881,Scott Carter,49,99927,Sales
882,Vincent Galvan,23,115592,Marketing
883,Amanda Hensley,59,66485,HR
884,Tina Lee,53,93423,HR
885,Travis Smith MD,54,36564,Marketing
886,Andrew Grant,32,60759,Finance
887,Russell Smith,22,73386,Finance
888,Christine Daniels,21,67768,Marketing
889,Leah Rice,32,62772,Sales
890,Toni Roth,56,87226,Sales
891,Joshua Frazier,56,51268,Finance
892,Andrew Quinn,31,93930,Sales
893,Stephen Gonzalez,35,112424,IT
894,Alex Carter,34,79500,Sales
895,Howard Grant,54,92352,HR
896,Robert Webb,32,57731,IT
897,Ashley Swanson,58,60556,Marketing
898,Michelle Joseph,55,43398,Sales
899,David Brewer,45,51712,Finance
900,Ryan Chavez,37,50023,Sales
901,Debra Holloway,35,90175,Finance
902,Christopher Pace,22,38837,HR
903,Erin Gonzalez,30,104675,HR
904,Robert Payne,24,56665,Sales
905,Dawn Adams,45,85005,Sales
906,Janet Smith,22,49130,HR
907,Cynthia Moore,33,67414,Finance
908,Ronald Johnson,57,59179,Finance
909,Kendra Young,37,99836,IT
910,Jessica Collins,48,61960,Sales
911,Melissa Doyle,27,107453,HR
912,Dave King,49,31977,HR
913,Raymond Mathews,52,83427,Finance
914,Matthew Schwartz,22,37799,Finance
915,Mrs. Emily Robinson,47,80213,Sales
916,Christina Sanchez,55,73542,HR
917,Michelle Hooper,49,110092,Sales
918,Laura Rodriguez,23,58106,IT
919,Debbie Sullivan,46,86054,Sales
920,Brandi Jones,44,48058,Marketing
921,William Wolf,30,81292,Sales
922,Jennifer Allen,31,66121,IT
923,Scott Williams,57,74760,IT
924,Laura Mills,44,99309,Finance
925,John Reyes,24,58648,Finance
926,Jamie Wolfe,44,42369,IT
927,James Mathews,41,100042,HR
928,Cindy Torres,42,77854,IT
929,Erica King,48,79271,Finance
930,Michelle Ward,47,71061,HR
931,Amy Oneal,31,66503,Sales
932,Elijah Crawford,55,90637,Marketing
933,Richard Cook,35,107437,Finance
934,John Brown,23,93010,IT
935,Alexander Mccullough,41,65573,IT
936,Cory Nelson,23,38703,Marketing
937,Cindy Thomas,23,102885,HR
938,Daniel Collins,34,69759,HR
939,Renee Zamora,34,55945,Marketing
940,Danielle King,44,79865,Sales
941,David Steele,40,105800,Sales
942,John Wilson,56,48066,Marketing
943,Elizabeth Perry,37,110804,Finance
944,Kimberly Blake,23,93353,IT
945,Chad Greene,30,55522,Marketing
946,Jennifer Meyers PhD,25,106513,IT
947,Stephanie Dominguez,51,55563,Sales
948,Matthew Morales,32,47590,Sales
949,Michael Johnson MD,21,35273,Marketing
950,Mr. Steven Fitzpatrick PhD,59,80759,Sales
951,Justin Dennis,25,111164,Finance
952,Michael Turner,26,54770,Finance
953,Jackson Fernandez,33,78356,Finance
954,Brenda Duncan,59,46113,Marketing
955,Ms. Sabrina Brown,42,44537,Sales
956,Alexis Mcmahon,49,96725,HR
957,Joseph Rivers,26,38969,Sales
958,Lori Edwards,40,48450,Marketing
959,Michelle Brown,29,111094,Marketing
960,David Anderson,25,46076,Marketing
961,Abigail Clark,58,39204,IT
962,Summer Humphrey,50,52970,IT
963,Jennifer Bailey,34,115589,HR
964,Mr. Billy Bailey,25,107938,IT
965,Michael Austin,54,115406,Marketing
966,David Sanders,53,97484,Marketing
967,Pamela Herrera,59,107427,Marketing
968,Alyssa Rivas,59,41510,IT
969,Dave Cooper,21,116257,Marketing
970,Elizabeth Miller,22,119248,HR
971,Matthew Gray,37,85934,HR
972,Victor Dixon,42,69579,HR
973,Robert Myers,35,113279,IT
974,Paul Curtis,56,118448,Finance
975,William Williams,23,43833,Marketing
976,Courtney Schultz,35,62702,Marketing
977,Jennifer Flowers,25,64852,Finance
978,Joshua Phillips,46,79845,Marketing
979,Nancy Horton,36,98441,Sales
980,Erin Johnson DVM,30,58976,Marketing
981,Wendy Jackson,44,102447,Finance
982,Ashley Sawyer,47,47046,Sales
983,James Reynolds,57,70128,HR
984,Deborah Lopez,32,98909,HR
985,Michelle Fischer,24,58630,Sales
986,Maureen Sims,28,31110,Sales
987,Stacey Lee,47,68159,Finance
988,James Shelton,54,85740,Sales
989,Joshua Dougherty,29,66496,Marketing
990,Michelle Gutierrez,54,117668,Sales
991,Keith Bishop,59,101395,Marketing
992,Christopher Clay,31,89366,Marketing
993,Jennifer Miller,43,114710,IT
994,Michelle Buchanan,50,111181,IT
995,Kevin Thomas,23,112595,Sales
996,Donald Mann,60,42571,IT
997,Scott Fisher,23,80797,IT
998,Derrick Oconnell,25,60165,Finance
999,Julie Simpson,50,70541,Finance
